Right Knee,Left Knee,Right Ankle,Left Ankle,Right Heel,Left Heel,Right Foot Index,Left Foot Index,Pose ID
"(0.41577136516571045, 0.48094379901885986, 0.09187368303537369, 0.9999881982803345, 0.9999960660934448)","(0.45748353004455566, 0.46314993500709534, -0.09214872121810913, 0.9999861717224121, 0.9999910593032837)","(0.49083787202835083, 0.54786217212677, 0.23304621875286102, 0.7371941804885864, 0.999955415725708)","(0.5358558297157288, 0.5188274383544922, -0.028773518279194832, 0.9641711711883545, 0.9998712539672852)","(0.5439378023147583, 0.624850869178772, 0.3062973916530609, 0.856508195400238, 0.9999563694000244)","(0.5603742599487305, 0.6098806262016296, 0.046224359422922134, 0.951439619064331, 0.9998412132263184)","(0.5440714359283447, 0.6425826549530029, 0.30961522459983826, 0.9208152890205383, 0.9998792409896851)","(0.5604705810546875, 0.6402748227119446, 0.05342099443078041, 0.9471355080604553, 0.9998366832733154)",0
"(0.4146833121776581, 0.482658326625824, 0.09200861304998398, 0.9999889731407166, 0.9999997615814209)","(0.4566960036754608, 0.4644499719142914, -0.09219398349523544, 0.9999873042106628, 0.9999997615814209)","(0.48660871386528015, 0.5445206761360168, 0.29931360483169556, 0.7460076212882996, 0.9999936819076538)","(0.5387855768203735, 0.5115725994110107, -0.05941372364759445, 0.9677173495292664, 0.9999958276748657)","(0.5383716225624084, 0.6258142590522766, 0.442544549703598, 0.8647803664207458, 0.9999818801879883)","(0.5903789401054382, 0.6093867421150208, -0.014392457902431488, 0.9562156796455383, 0.9999891519546509)","(0.5434445142745972, 0.6437770128250122, 0.4535585641860962, 0.9210405945777893, 0.9999563694000244)","(0.5873591899871826, 0.6303262114524841, -0.007432177197188139, 0.9520962834358215, 0.9999843835830688)",0
"(0.4135795831680298, 0.4803923964500427, 0.09117904305458069, 0.9999895095825195, 0.9999996423721313)","(0.45373570919036865, 0.4588606357574463, -0.09136269241571426, 0.9999880790710449, 0.9999995231628418)","(0.48585963249206543, 0.5401420593261719, 0.30013447999954224, 0.7637224197387695, 0.9999943971633911)","(0.5326113700866699, 0.5047690272331238, 0.030851924791932106, 0.9708433151245117, 0.999991774559021)","(0.5355848073959351, 0.6250395774841309, 0.4308665692806244, 0.875796914100647, 0.9999796152114868)","(0.5939793586730957, 0.5884411931037903, 0.17259664833545685, 0.9604032039642334, 0.9999825954437256)","(0.5402818918228149, 0.6434240341186523, 0.44086843729019165, 0.924274206161499, 0.9999440908432007)","(0.593803346157074, 0.6087802648544312, 0.1882966160774231, 0.9563140869140625, 0.9999818801879883)",0
"(0.40713292360305786, 0.47489699721336365, 0.08373536914587021, 0.99998939037323, 0.9999995231628418)","(0.4515695571899414, 0.45752355456352234, -0.08387712389230728, 0.9999884963035583, 0.9999995231628418)","(0.47776418924331665, 0.5373373627662659, 0.30075234174728394, 0.7665630578994751, 0.9999939203262329)","(0.5184587240219116, 0.48764750361442566, 0.1307935267686844, 0.969721257686615, 0.999992847442627)","(0.531509280204773, 0.6181278228759766, 0.4888803958892822, 0.8821728229522705, 0.9999587535858154)","(0.5747120380401611, 0.563766360282898, 0.38979896903038025, 0.9600188732147217, 0.9999794960021973)","(0.5396506786346436, 0.6339541077613831, 0.5048277378082275, 0.9228454232215881, 0.9998780488967896)","(0.5746037364006042, 0.5813086032867432, 0.41635119915008545, 0.9526371955871582, 0.9999818801879883)",0
"(0.4033221900463104, 0.4562901258468628, 0.06689652055501938, 0.9999876618385315, 0.9999990463256836)","(0.44943469762802124, 0.4443141222000122, -0.06713063269853592, 0.9999870657920837, 0.9999990463256836)","(0.4729714095592499, 0.5336074233055115, 0.21351270377635956, 0.7640579342842102, 0.999987006187439)","(0.4964776039123535, 0.4567481577396393, 0.21122802793979645, 0.9344033598899841, 0.9999731779098511)","(0.5266548991203308, 0.6142609119415283, 0.313080757856369, 0.8839726448059082, 0.9998958110809326)","(0.5385681390762329, 0.5384636521339417, 0.47962236404418945, 0.9358826279640198, 0.999946117401123)","(0.5316758751869202, 0.6335201263427734, 0.3199242651462555, 0.9166645407676697, 0.9996495246887207)","(0.5399621725082397, 0.557102620601654, 0.5059674382209778, 0.9254040122032166, 0.9999585151672363)",0
"(0.39134132862091064, 0.46362701058387756, 0.10060837864875793, 0.9999772906303406, 0.999995231628418)","(0.4395934045314789, 0.45409107208251953, -0.10116949677467346, 0.9999808669090271, 0.9999929666519165)","(0.4903196394443512, 0.5206495523452759, 0.15386484563350677, 0.797996997833252, 0.9999285936355591)","(0.5413381457328796, 0.507184624671936, -0.09205605834722519, 0.9488372802734375, 0.9999241828918457)","(0.5431217551231384, 0.6207107901573181, 0.12151046842336655, 0.8819759488105774, 0.9998503923416138)","(0.5378585457801819, 0.5923184752464294, -0.0759710893034935, 0.9340068101882935, 0.9997512698173523)","(0.5443354249000549, 0.6479637622833252, 0.11453235894441605, 0.9309911727905273, 0.9996210336685181)","(0.529412567615509, 0.6109620928764343, -0.07288103550672531, 0.9370306730270386, 0.9997219443321228)",1
"(0.39077243208885193, 0.4612251818180084, 0.11123816668987274, 0.9999779462814331, 0.9999994039535522)","(0.43703100085258484, 0.44286805391311646, -0.1114361584186554, 0.9999816417694092, 0.9999991655349731)","(0.49237948656082153, 0.5269824266433716, 0.22018565237522125, 0.8054869174957275, 0.9999877214431763)","(0.556831419467926, 0.5016576051712036, -0.1755039542913437, 0.9539086818695068, 0.9999934434890747)","(0.5614618062973022, 0.6322997808456421, 0.25294607877731323, 0.8871355652809143, 0.9999762773513794)","(0.6098010540008545, 0.6265900135040283, -0.20741619169712067, 0.9404522180557251, 0.9999731779098511)","(0.5631430149078369, 0.6516168117523193, 0.2535240948200226, 0.9339663982391357, 0.9999425411224365)","(0.6068171858787537, 0.6476805210113525, -0.2082170993089676, 0.9430180788040161, 0.9999662637710571)",1
"(0.3886241018772125, 0.4410364329814911, 0.1137697845697403, 0.9999756217002869, 0.9999977350234985)","(0.4350912570953369, 0.42556968331336975, -0.1138094961643219, 0.9999809265136719, 0.9999982118606567)","(0.48712682723999023, 0.5269703269004822, 0.3463411033153534, 0.8017867207527161, 0.9999797344207764)","(0.5480530261993408, 0.474528968334198, 0.006217452231794596, 0.95833420753479, 0.9999924898147583)","(0.5549246072769165, 0.6326396465301514, 0.5060795545578003, 0.8916642069816589, 0.9999597072601318)","(0.6141567826271057, 0.5812135338783264, 0.1228814572095871, 0.9461281895637512, 0.999976634979248)","(0.5617709755897522, 0.6521892547607422, 0.519679844379425, 0.9358299374580383, 0.9998999834060669)","(0.6136022806167603, 0.6097269058227539, 0.13636037707328796, 0.9481669664382935, 0.9999771118164062)",1
"(0.382019966840744, 0.43195033073425293, 0.11265546828508377, 0.9999721646308899, 0.9999973773956299)","(0.432772159576416, 0.4130879044532776, -0.11273597925901413, 0.9999788403511047, 0.9999978542327881)","(0.475149542093277, 0.5240389108657837, 0.29591503739356995, 0.8087316751480103, 0.9999783039093018)","(0.5182960033416748, 0.42721694707870483, 0.05843008682131767, 0.9611155986785889, 0.9999873638153076)","(0.548987090587616, 0.6309487223625183, 0.4082883894443512, 0.8985152840614319, 0.9999032020568848)","(0.5898287892341614, 0.5177991986274719, 0.24436984956264496, 0.9494841694831848, 0.9999551773071289)","(0.5543251633644104, 0.6514071822166443, 0.41795262694358826, 0.9396171569824219, 0.9997147917747498)","(0.5822724103927612, 0.5470614433288574, 0.26432204246520996, 0.951068639755249, 0.9999622106552124)",1
"(0.3796628713607788, 0.41941583156585693, 0.10624652355909348, 0.9999721646308899, 0.9999977350234985)","(0.4257616400718689, 0.4008597433567047, -0.10640766471624374, 0.9999791383743286, 0.9999982118606567)","(0.4636434018611908, 0.5156654119491577, 0.24725191295146942, 0.8248571753501892, 0.9999834299087524)","(0.49722328782081604, 0.3824649751186371, 0.14881938695907593, 0.963001012802124, 0.9999901056289673)","(0.5433358550071716, 0.6219525933265686, 0.3543138802051544, 0.9074357151985168, 0.9998180270195007)","(0.5257936120033264, 0.48647719621658325, 0.40007978677749634, 0.9510334134101868, 0.9999500513076782)","(0.5491291284561157, 0.6424930691719055, 0.3646666705608368, 0.9446963667869568, 0.9994032382965088)","(0.5203015804290771, 0.5080555081367493, 0.4268931746482849, 0.9519627094268799, 0.9999544620513916)",1
"(0.44020333886146545, 0.43847885727882385, 0.11194375902414322, 0.9999878406524658, 0.9999983310699463)","(0.4783377945423126, 0.42965036630630493, -0.11214579641819, 0.9999875426292419, 0.999993085861206)","(0.5295277833938599, 0.5026914477348328, 0.18629418313503265, 0.7633922696113586, 0.9999532699584961)","(0.582459568977356, 0.4891684353351593, -0.13101467490196228, 0.9729263782501221, 0.9998581409454346)","(0.5550995469093323, 0.6242985129356384, 0.14014416933059692, 0.8649995923042297, 0.9998414516448975)","(0.562830924987793, 0.6124923229217529, -0.12499681860208511, 0.956072986125946, 0.9994385838508606)","(0.5448690056800842, 0.6486832499504089, 0.1315089762210846, 0.9352946281433105, 0.9994825124740601)","(0.5500170588493347, 0.6341962218284607, -0.12380717694759369, 0.9435120224952698, 0.9992857575416565)",2
"(0.44652634859085083, 0.4423428773880005, 0.12215463072061539, 0.9999880790710449, 0.9999994039535522)","(0.48050814867019653, 0.43501341342926025, -0.12227416038513184, 0.9999879598617554, 0.9999984502792358)","(0.5340410470962524, 0.5035050511360168, 0.28539058566093445, 0.7538296580314636, 0.9999884366989136)","(0.5809966921806335, 0.4900085926055908, -0.01799672469496727, 0.9748584628105164, 0.9999762773513794)","(0.5547532439231873, 0.6216477155685425, 0.37654125690460205, 0.8623313307762146, 0.9999492168426514)","(0.6359652876853943, 0.6115667223930359, 0.07353920489549637, 0.9595973491668701, 0.9998437166213989)","(0.5465400218963623, 0.6438537836074829, 0.3816031813621521, 0.9313632249832153, 0.9998317956924438)","(0.6326329708099365, 0.6328567862510681, 0.08226650208234787, 0.9479053020477295, 0.9998213648796082)",2
"(0.4567333161830902, 0.4298132359981537, 0.10435999929904938, 0.9999877214431763, 0.999998927116394)","(0.49476197361946106, 0.42215776443481445, -0.10454126447439194, 0.9999880194664001, 0.9999985694885254)","(0.5434689521789551, 0.49436596035957336, 0.21044006943702698, 0.7587512135505676, 0.9999759197235107)","(0.5770775675773621, 0.4709019064903259, 0.033084686845541, 0.9756196141242981, 0.9999600648880005)","(0.553849458694458, 0.6079608798027039, 0.2482488602399826, 0.8694484829902649, 0.9999276399612427)","(0.6543307304382324, 0.5427965521812439, 0.13869579136371613, 0.9623585939407349, 0.9998264908790588)","(0.544715940952301, 0.6286578178405762, 0.24453730881214142, 0.934501588344574, 0.9997428059577942)","(0.6524646282196045, 0.5577935576438904, 0.14947748184204102, 0.9520819783210754, 0.9998412132263184)",2
"(0.4650883674621582, 0.4233247637748718, 0.1041475161910057, 0.9999865293502808, 0.9999986886978149)","(0.5016403198242188, 0.41435667872428894, -0.10439072549343109, 0.9999873638153076, 0.9999978542327881)","(0.5455805063247681, 0.4814779758453369, 0.12134059518575668, 0.7620289325714111, 0.9999722242355347)","(0.57795250415802, 0.457878053188324, 0.031559016555547714, 0.9724951982498169, 0.9999368190765381)","(0.5529934167861938, 0.5915367007255554, 0.058036141097545624, 0.877971351146698, 0.999956488609314)","(0.6245224475860596, 0.5412929058074951, 0.09419610351324081, 0.9639831781387329, 0.9998371601104736)","(0.5421201586723328, 0.6102340221405029, 0.047738075256347656, 0.9386867880821228, 0.9998231530189514)","(0.6204591393470764, 0.5602939128875732, 0.09982702136039734, 0.954798698425293, 0.9998478889465332)",2
"(0.46541085839271545, 0.42041873931884766, 0.10132087767124176, 0.9999861121177673, 0.9999984502792358)","(0.5007275342941284, 0.4113030433654785, -0.1016048863530159, 0.999987006187439, 0.9999966621398926)","(0.5459979772567749, 0.4773617088794708, 0.08632155507802963, 0.7749058604240417, 0.9999725818634033)","(0.576492965221405, 0.4567669630050659, 0.012491314671933651, 0.9733812212944031, 0.999933123588562)","(0.5530566573143005, 0.5912464261054993, -0.004332354292273521, 0.8875018358230591, 0.9999566078186035)","(0.6221686005592346, 0.5425103306770325, -0.0014287431258708239, 0.9666773080825806, 0.9998070597648621)","(0.5411275029182434, 0.6054781079292297, -0.017572786659002304, 0.9434368014335632, 0.999812662601471)","(0.6198133230209351, 0.5628050565719604, -0.0023930089082568884, 0.958364725112915, 0.9997888207435608)",2
"(0.4666881859302521, 0.4967927038669586, 0.05952063575387001, 0.9999403357505798, 0.9999977350234985)","(0.5122026205062866, 0.4799814224243164, -0.0596456415951252, 0.9999818205833435, 0.9999947547912598)","(0.5258564352989197, 0.5599519610404968, 0.20882576704025269, 0.769262433052063, 0.9999854564666748)","(0.5766652822494507, 0.5295972228050232, 0.09053677320480347, 0.9467237591743469, 0.9999452829360962)","(0.5792700052261353, 0.6325355172157288, 0.2558825612068176, 0.8280765414237976, 0.9999651908874512)","(0.5562660694122314, 0.5664402842521667, 0.23368102312088013, 0.8992237448692322, 0.9999277591705322)","(0.5828392505645752, 0.6485915780067444, 0.2578091323375702, 0.9262734651565552, 0.9998852014541626)","(0.5451958179473877, 0.552738606929779, 0.2492990344762802, 0.9195913076400757, 0.9999184608459473)",3
"(0.46537044644355774, 0.49970877170562744, 0.09554719924926758, 0.9999452829360962, 0.9999995231628418)","(0.5092471241950989, 0.48596104979515076, -0.09570800513029099, 0.9999827742576599, 0.9999992847442627)","(0.5342978835105896, 0.549998939037323, 0.3273886442184448, 0.748113751411438, 0.9999945163726807)","(0.5885502696037292, 0.5219035148620605, -0.01461584772914648, 0.9509618878364563, 0.9999895095825195)","(0.582771897315979, 0.6326330304145813, 0.4731675982475281, 0.8292869329452515, 0.9999867677688599)","(0.621345043182373, 0.6197057962417603, 0.07639709115028381, 0.9075976610183716, 0.9999661445617676)","(0.582187294960022, 0.6488160490989685, 0.48465946316719055, 0.9208427667617798, 0.9999635219573975)","(0.619658350944519, 0.6351996064186096, 0.08473970741033554, 0.9248577356338501, 0.9999579191207886)",3
"(0.46451371908187866, 0.5021308660507202, 0.09347546100616455, 0.9999491572380066, 0.9999994039535522)","(0.5051628351211548, 0.48928213119506836, -0.09357624500989914, 0.9999833703041077, 0.9999991655349731)","(0.5301717519760132, 0.5399090051651001, 0.3469749391078949, 0.7281990647315979, 0.9999922513961792)","(0.5822707414627075, 0.5176563858985901, 0.054487381130456924, 0.953437864780426, 0.9999876022338867)","(0.57568359375, 0.6307033896446228, 0.48518162965774536, 0.8276814818382263, 0.999976634979248)","(0.6317103505134583, 0.6139247417449951, 0.18668699264526367, 0.913750171661377, 0.9999487400054932)","(0.5812401175498962, 0.6478190422058105, 0.4960426986217499, 0.9149675965309143, 0.9999357461929321)","(0.6309636831283569, 0.634742021560669, 0.20061874389648438, 0.9290391802787781, 0.9999440908432007)",3
"(0.45817050337791443, 0.5023648738861084, 0.05553457513451576, 0.9999529719352722, 0.9999994039535522)","(0.5049218535423279, 0.4902004897594452, -0.05561080202460289, 0.9999841451644897, 0.9999994039535522)","(0.5292736291885376, 0.5406425595283508, 0.3311033546924591, 0.71769779920578, 0.9999915361404419)","(0.557529091835022, 0.5198575854301453, 0.2086665779352188, 0.9333908557891846, 0.9999890327453613)","(0.5728486180305481, 0.6305719017982483, 0.5379826426506042, 0.8237987756729126, 0.9999544620513916)","(0.6144320964813232, 0.571031928062439, 0.4830714762210846, 0.8960241079330444, 0.9999599456787109)","(0.5783258080482483, 0.6478354930877686, 0.5570329427719116, 0.9078340530395508, 0.9998756647109985)","(0.6148930191993713, 0.5876803994178772, 0.5115633010864258, 0.9161513447761536, 0.9999663829803467)",3
"(0.4545903205871582, 0.5015397667884827, 0.04305741563439369, 0.9999544024467468, 0.9999985694885254)","(0.4989791810512543, 0.49070632457733154, -0.04321986436843872, 0.9999825954437256, 0.9999983310699463)","(0.5258700251579285, 0.5411538481712341, 0.26782679557800293, 0.6793073415756226, 0.9999769926071167)","(0.5351287722587585, 0.4896579384803772, 0.24162282049655914, 0.8512172102928162, 0.999953031539917)","(0.5719895362854004, 0.6181130409240723, 0.466491162776947, 0.7917009592056274, 0.9998719692230225)","(0.5766697525978088, 0.5197866559028625, 0.535843014717102, 0.8207600712776184, 0.9999109506607056)","(0.5771647691726685, 0.6345178484916687, 0.475241094827652, 0.8797415494918823, 0.9996694326400757)","(0.5792893171310425, 0.5316394567489624, 0.5663843154907227, 0.849076509475708, 0.9999351501464844)",3
"(0.4517501890659332, 0.44357171654701233, 0.11173705756664276, 0.999986469745636, 0.9999983310699463)","(0.4810677766799927, 0.4377232789993286, -0.11185210943222046, 0.9999865293502808, 0.9999934434890747)","(0.536626398563385, 0.5028372406959534, 0.2133316695690155, 0.743346095085144, 0.9999539852142334)","(0.5844730138778687, 0.493187814950943, -0.11221454292535782, 0.9607090353965759, 0.9998847246170044)","(0.5603547096252441, 0.6303646564483643, 0.2282569259405136, 0.8285377621650696, 0.9997156262397766)","(0.5624451041221619, 0.6126550436019897, -0.066083163022995, 0.9349790811538696, 0.9991320967674255)","(0.5514561533927917, 0.6566160321235657, 0.22608208656311035, 0.8874639868736267, 0.9991545677185059)","(0.5511983633041382, 0.6385130882263184, -0.06008677929639816, 0.9072599411010742, 0.9990147352218628)",4
"(0.45001277327537537, 0.44446152448654175, 0.1093410924077034, 0.9999841451644897, 0.9999980926513672)","(0.4806245267391205, 0.4394991993904114, -0.10943978279829025, 0.9999837279319763, 0.999993085861206)","(0.5380286574363708, 0.5041395425796509, 0.23518036305904388, 0.701460063457489, 0.9999638795852661)","(0.5866559147834778, 0.4916139245033264, -0.08897629380226135, 0.9591219425201416, 0.9999237060546875)","(0.5607976913452148, 0.6262949109077454, 0.2682456374168396, 0.7996580004692078, 0.9997900128364563)","(0.5668038725852966, 0.6157011985778809, -0.008353551849722862, 0.9276770353317261, 0.9994686245918274)","(0.5508428812026978, 0.6526226997375488, 0.26832783222198486, 0.8659819960594177, 0.9994229078292847)","(0.5553268194198608, 0.6422723531723022, 0.001090599107556045, 0.8951871395111084, 0.9994315505027771)",4
"(0.4536297917366028, 0.4522223472595215, 0.11528269946575165, 0.999984622001648, 0.9999996423721313)","(0.48384055495262146, 0.44474008679389954, -0.11535836011171341, 0.9999845027923584, 0.9999990463256836)","(0.5383144021034241, 0.5078065395355225, 0.2801649570465088, 0.697293758392334, 0.9999943971633911)","(0.5870183706283569, 0.49114668369293213, -0.02684238739311695, 0.9626562595367432, 0.9999909400939941)","(0.5593506097793579, 0.628960132598877, 0.3651321232318878, 0.801959216594696, 0.9999667406082153)","(0.6347823143005371, 0.6134300827980042, 0.05741604417562485, 0.9340205788612366, 0.9999147653579712)","(0.5526776313781738, 0.6540846228599548, 0.37047961354255676, 0.8679448366165161, 0.9998916387557983)","(0.6314538717269897, 0.6375768780708313, 0.06642451882362366, 0.9045314192771912, 0.9999030828475952)",4
"(0.46267759799957275, 0.44034138321876526, 0.09759765863418579, 0.9999849796295166, 0.9999991655349731)","(0.4955514967441559, 0.43760156631469727, -0.09775542467832565, 0.9999851584434509, 0.9999988079071045)","(0.548775315284729, 0.5050118565559387, 0.2236112803220749, 0.702026903629303, 0.9999779462814331)","(0.5824780464172363, 0.4734199643135071, 0.05554842948913574, 0.9629068970680237, 0.9999595880508423)","(0.55830979347229, 0.6189842820167542, 0.3125106394290924, 0.8087202906608582, 0.9998605251312256)","(0.6538019180297852, 0.5422340035438538, 0.22353161871433258, 0.9374722838401794, 0.9996962547302246)","(0.550510585308075, 0.6380764842033386, 0.3159879148006439, 0.871985673904419, 0.999491810798645)","(0.6533634662628174, 0.5582860112190247, 0.24074000120162964, 0.9113976359367371, 0.9997439980506897)",4
"(0.4647580087184906, 0.43820059299468994, 0.09872445464134216, 0.9999852180480957, 0.999998927116394)","(0.49590548872947693, 0.4322444200515747, -0.0988963171839714, 0.9999856352806091, 0.9999983310699463)","(0.5514070987701416, 0.4999728798866272, 0.22436678409576416, 0.7152988314628601, 0.999972939491272)","(0.5832085013389587, 0.4730186462402344, 0.027038609609007835, 0.9651694297790527, 0.9999552965164185)","(0.5575669407844543, 0.6163414120674133, 0.31664952635765076, 0.8185060024261475, 0.9998185038566589)","(0.6584263443946838, 0.5403346419334412, 0.180526003241539, 0.9418609738349915, 0.9996680021286011)","(0.5496739149093628, 0.6362097263336182, 0.3223118484020233, 0.8784170746803284, 0.9993409514427185)","(0.6597501635551453, 0.5559772253036499, 0.19622276723384857, 0.9184653759002686, 0.9997026324272156)",4
"(0.47257542610168457, 0.49050694704055786, 0.038954317569732666, 0.9999940991401672, 0.9999986886978149)","(0.518079936504364, 0.47452276945114136, -0.03911573812365532, 0.9999950528144836, 0.9999971389770508)","(0.5213743448257446, 0.5572367310523987, 0.09021396934986115, 0.7551916241645813, 0.9999513626098633)","(0.5769137740135193, 0.546935498714447, -0.04955877736210823, 0.9283137917518616, 0.9998828172683716)","(0.5754320621490479, 0.6335737109184265, 0.011765077710151672, 0.8292641043663025, 0.9998313188552856)","(0.544355571269989, 0.5527158975601196, -0.09164603054523468, 0.8693438768386841, 0.9998605251312256)","(0.5792935490608215, 0.6465743184089661, 0.001444241264835, 0.9327862858772278, 0.9994264841079712)","(0.5272930264472961, 0.5488625764846802, -0.0935259759426117, 0.9173328876495361, 0.9998037219047546)",5
"(0.476558655500412, 0.5004218816757202, 0.06127278506755829, 0.9999940991401672, 0.9999990463256836)","(0.5208314061164856, 0.48613178730010986, -0.061499159783124924, 0.9999946355819702, 0.9999977350234985)","(0.5314138531684875, 0.5581220984458923, 0.09952105581760406, 0.771480917930603, 0.9999827146530151)","(0.5981555581092834, 0.538444995880127, -0.036621466279029846, 0.9328392148017883, 0.9999485015869141)","(0.5896130204200745, 0.6384126543998718, 0.033999741077423096, 0.8436050415039062, 0.9999594688415527)","(0.591670036315918, 0.5969986319541931, -0.04637345299124718, 0.8771674633026123, 0.9999167919158936)","(0.5899722576141357, 0.6513394713401794, 0.023997223004698753, 0.938266932964325, 0.9998607635498047)","(0.5814424157142639, 0.6004931330680847, -0.04707106947898865, 0.9210736155509949, 0.9998766183853149)",5
"(0.47614991664886475, 0.5068475008010864, 0.07908552885055542, 0.9999940395355225, 0.9999996423721313)","(0.5179850459098816, 0.49221476912498474, -0.07921992242336273, 0.9999945163726807, 0.9999994039535522)","(0.5304044485092163, 0.545744776725769, 0.3063752055168152, 0.7498259544372559, 0.9999915361404419)","(0.5923104286193848, 0.5226390957832336, -0.15147314965724945, 0.9389862418174744, 0.9999934434890747)","(0.5814223289489746, 0.6335045099258423, 0.4118308424949646, 0.8453752398490906, 0.9999891519546509)","(0.6348815560340881, 0.6170065999031067, -0.21170637011528015, 0.8883119225502014, 0.9999871253967285)","(0.5837984681129456, 0.6493369340896606, 0.4199832081794739, 0.9375218152999878, 0.9999736547470093)","(0.6321629881858826, 0.6361581683158875, -0.21627962589263916, 0.9274946451187134, 0.9999761581420898)",5
"(0.47533896565437317, 0.5101838707923889, 0.08289951086044312, 0.9999927878379822, 0.9999992847442627)","(0.5161437392234802, 0.49588438868522644, -0.08305765688419342, 0.999993085861206, 0.9999985694885254)","(0.532933235168457, 0.5435473322868347, 0.2795502245426178, 0.7241542935371399, 0.9999849796295166)","(0.5892778038978577, 0.5180971026420593, 0.035580288618803024, 0.9338731169700623, 0.999964714050293)","(0.5783724784851074, 0.6331701874732971, 0.36068835854530334, 0.8365680575370789, 0.9999672174453735)","(0.6247641444206238, 0.6093578934669495, 0.13068874180316925, 0.8865978717803955, 0.9999208450317383)","(0.5832899808883667, 0.6490229368209839, 0.3657551407814026, 0.928252637386322, 0.9999079704284668)","(0.6220809817314148, 0.6298956274986267, 0.14028625190258026, 0.9227617979049683, 0.9999104738235474)",5
"(0.465920627117157, 0.5103577971458435, 0.05089208856225014, 0.9999926686286926, 0.9999997615814209)","(0.5097079873085022, 0.5008317828178406, -0.05099682882428169, 0.9999930262565613, 0.9999997615814209)","(0.5307426452636719, 0.5521711111068726, 0.30876293778419495, 0.7067655920982361, 0.9999969005584717)","(0.5426503419876099, 0.5228642821311951, 0.22044791281223297, 0.8993440866470337, 0.9999945163726807)","(0.5769701600074768, 0.6303161382675171, 0.5013817548751831, 0.8237202763557434, 0.9999788999557495)","(0.6037851572036743, 0.5476775765419006, 0.4936453700065613, 0.8443969488143921, 0.999983549118042)","(0.5829194784164429, 0.6476507186889648, 0.5193743705749512, 0.916232168674469, 0.999940037727356)","(0.607225775718689, 0.564086377620697, 0.5222660899162292, 0.892806887626648, 0.9999861717224121)",5
"(0.4670228362083435, 0.49731019139289856, 0.07128623872995377, 0.9999833106994629, 0.9999983310699463)","(0.5158022046089172, 0.47783565521240234, -0.07145681977272034, 0.9999825954437256, 0.9999972581863403)","(0.5305566191673279, 0.5515044331550598, 0.3124207556247711, 0.6137901544570923, 0.9999669790267944)","(0.5895134806632996, 0.504306435585022, 0.006844773888587952, 0.8515836000442505, 0.9999529123306274)","(0.5775356888771057, 0.6319113373756409, 0.4531572759151459, 0.7241226434707642, 0.9999548196792603)","(0.6052529215812683, 0.6040160655975342, 0.09145395457744598, 0.7835098505020142, 0.9999171495437622)","(0.5811289548873901, 0.6480846405029297, 0.46455544233322144, 0.8441808223724365, 0.9998863935470581)","(0.6059470772743225, 0.6338520050048828, 0.10101624578237534, 0.8105664253234863, 0.9998906850814819)",6
"(0.4648312032222748, 0.5001584887504578, 0.09772592037916183, 0.9999844431877136, 0.9999997615814209)","(0.5137831568717957, 0.4837283194065094, -0.09782694280147552, 0.9999839663505554, 0.9999997615814209)","(0.5273820757865906, 0.5432500243186951, 0.39877018332481384, 0.6313620209693909, 0.9999977350234985)","(0.5883553624153137, 0.5098642706871033, -0.08059697598218918, 0.8663626313209534, 0.9999983310699463)","(0.5764526128768921, 0.6338512897491455, 0.5780845284461975, 0.7452334761619568, 0.9999933242797852)","(0.6463443040847778, 0.6255369186401367, -0.0698382556438446, 0.8049675822257996, 0.9999924898147583)","(0.5823177695274353, 0.6496362686157227, 0.5932166576385498, 0.8546664714813232, 0.9999831914901733)","(0.6442821025848389, 0.6510205268859863, -0.06702437251806259, 0.8291214108467102, 0.9999880790710449)",6
"(0.45937931537628174, 0.500663161277771, 0.09094011038541794, 0.9999834895133972, 0.9999990463256836)","(0.5074074864387512, 0.4869575500488281, -0.09106963872909546, 0.9999833703041077, 0.9999988079071045)","(0.5273445844650269, 0.539588987827301, 0.37617945671081543, 0.5869757533073425, 0.9999860525131226)","(0.5652818083763123, 0.5021342039108276, 0.11426015943288803, 0.8435072898864746, 0.9999761581420898)","(0.5730811953544617, 0.629137396812439, 0.5575655102729797, 0.7091276049613953, 0.9999384880065918)","(0.6197608113288879, 0.5878467559814453, 0.32113391160964966, 0.7727080583572388, 0.9999133348464966)","(0.5786710977554321, 0.6481988430023193, 0.5730583667755127, 0.8235916495323181, 0.99983811378479)","(0.6223410367965698, 0.6082460284233093, 0.3427072763442993, 0.8036109805107117, 0.9999147653579712)",6
"(0.4502549469470978, 0.4995071291923523, 0.044520311057567596, 0.9999841451644897, 0.9999994039535522)","(0.500906229019165, 0.489993691444397, -0.04463624581694603, 0.9999844431877136, 0.9999995231628418)","(0.5188080668449402, 0.5320565700531006, 0.37438613176345825, 0.5685675740242004, 0.9999932050704956)","(0.5319228172302246, 0.5148892998695374, 0.27157062292099, 0.8158800005912781, 0.9999924898147583)","(0.5718188285827637, 0.5960204601287842, 0.6378743052482605, 0.6952381730079651, 0.9999827146530151)","(0.5665513873100281, 0.5882984399795532, 0.578385591506958, 0.7504714131355286, 0.9999816417694092)","(0.5777649879455566, 0.6103103756904602, 0.6633451581001282, 0.8169827461242676, 0.9999626874923706)","(0.5686646699905396, 0.609239935874939, 0.610495924949646, 0.786928653717041, 0.9999855756759644)",6
"(0.44386449456214905, 0.4959029257297516, 0.029944751411676407, 0.9999800324440002, 0.9999964237213135)","(0.4962574541568756, 0.49184849858283997, -0.030073488131165504, 0.9999818801879883, 0.9999961853027344)","(0.5178170204162598, 0.5230901837348938, 0.37441548705101013, 0.5228732824325562, 0.9999816417694092)","(0.5178624987602234, 0.5112290978431702, 0.3113242983818054, 0.7440776824951172, 0.9999703168869019)","(0.5639250874519348, 0.5771791338920593, 0.6471806168556213, 0.6547991633415222, 0.9999555349349976)","(0.5446236729621887, 0.5767073035240173, 0.6592662930488586, 0.688500165939331, 0.9999370574951172)","(0.5672718286514282, 0.5938863754272461, 0.6735366582870483, 0.7840702533721924, 0.9999064207077026)","(0.5497017502784729, 0.5907705426216125, 0.6959213614463806, 0.7298300266265869, 0.9999586343765259)",6
"(0.4529389441013336, 0.4417966604232788, 0.12200305610895157, 0.9999865889549255, 0.9999958276748657)","(0.48712608218193054, 0.4335263669490814, -0.1222493126988411, 0.9999850988388062, 0.9999839067459106)","(0.5492255091667175, 0.5157870650291443, 0.11328928172588348, 0.6457539796829224, 0.9998878240585327)","(0.5886853337287903, 0.49987879395484924, -0.16270571947097778, 0.9578336477279663, 0.9996067881584167)","(0.5569412112236023, 0.6306182146072388, 0.0077036782167851925, 0.8000435829162598, 0.9993976354598999)","(0.5508179068565369, 0.5852874517440796, -0.09911742806434631, 0.9101901054382324, 0.9993361830711365)","(0.5481584668159485, 0.6512061953544617, -0.0074244276620447636, 0.8798985481262207, 0.997890055179596)","(0.5310807228088379, 0.5900337100028992, -0.09093564003705978, 0.8683294653892517, 0.9993189573287964)",7
"(0.4546062648296356, 0.4448990821838379, 0.12751758098602295, 0.9999812245368958, 0.9999963045120239)","(0.4874550402164459, 0.4366096556186676, -0.127750426530838, 0.9999825358390808, 0.9999940395355225)","(0.5407266020774841, 0.4983614981174469, 0.2188657522201538, 0.6394842267036438, 0.9999597072601318)","(0.5911279916763306, 0.4742831289768219, -0.06464557349681854, 0.9571431279182434, 0.9999550580978394)","(0.5628800988197327, 0.6313114166259766, 0.18610259890556335, 0.8096874952316284, 0.9998563528060913)","(0.6157772541046143, 0.612967848777771, -0.04562795162200928, 0.916692316532135, 0.9997596144676208)","(0.5573077201843262, 0.6524893045425415, 0.17800593376159668, 0.8844135403633118, 0.9994408488273621)","(0.603223979473114, 0.6354605555534363, -0.044807225465774536, 0.876573383808136, 0.9996614456176758)",7
"(0.45783159136772156, 0.44537481665611267, 0.12423595786094666, 0.9999820590019226, 0.9999995231628418)","(0.49053192138671875, 0.43949395418167114, -0.12445211410522461, 0.9999838471412659, 0.9999996423721313)","(0.5441176891326904, 0.5026576519012451, 0.30061331391334534, 0.6627048254013062, 0.9999963045120239)","(0.5905777215957642, 0.4777815639972687, -0.02249681018292904, 0.9613041877746582, 0.9999978542327881)","(0.5624663829803467, 0.6309404373168945, 0.41829466819763184, 0.8257050514221191, 0.9999678134918213)","(0.6573545932769775, 0.5879005789756775, 0.06947056204080582, 0.9249247312545776, 0.9999761581420898)","(0.5555880069732666, 0.6520901918411255, 0.4266963005065918, 0.8936308026313782, 0.9998787641525269)","(0.6525923609733582, 0.6190572381019592, 0.07899823784828186, 0.8887537717819214, 0.999967098236084)",7
"(0.4628947377204895, 0.4418971836566925, 0.12323330342769623, 0.9999827742576599, 0.9999996423721313)","(0.49328893423080444, 0.43895837664604187, -0.12325470894575119, 0.9999848008155823, 0.9999995231628418)","(0.5464203953742981, 0.5048415064811707, 0.32855701446533203, 0.6720221638679504, 0.9999961853027344)","(0.585852861404419, 0.47549280524253845, 0.07439425587654114, 0.9630822539329529, 0.999995231628418)","(0.5636112093925476, 0.6264288425445557, 0.5132485628128052, 0.8363788723945618, 0.9999421834945679)","(0.6597431302070618, 0.5504342317581177, 0.29909607768058777, 0.9308570027351379, 0.9999549388885498)","(0.5553338527679443, 0.649100124835968, 0.5287125110626221, 0.8987284898757935, 0.9997825026512146)","(0.6641244888305664, 0.5736269354820251, 0.3216700851917267, 0.8980871438980103, 0.9999555349349976)",7
"(0.46832993626594543, 0.4345114529132843, 0.12297400087118149, 0.9999826550483704, 0.9999994039535522)","(0.49784812331199646, 0.4388655126094818, -0.12299342453479767, 0.9999852180480957, 0.9999994039535522)","(0.5492783188819885, 0.5045194029808044, 0.33792850375175476, 0.6547730565071106, 0.9999967813491821)","(0.5844056010246277, 0.4675537645816803, 0.10071172565221786, 0.9578235745429993, 0.9999957084655762)","(0.5634342432022095, 0.6116702556610107, 0.5380856990814209, 0.8366580605506897, 0.999944806098938)","(0.6473426818847656, 0.536506712436676, 0.372730553150177, 0.9306687712669373, 0.9999599456787109)","(0.5549004077911377, 0.6352903842926025, 0.5554260611534119, 0.8966600298881531, 0.9997822642326355)","(0.6499695777893066, 0.5542250871658325, 0.4009430706501007, 0.9024407863616943, 0.9999642372131348)",7
"(0.46136099100112915, 0.4809342920780182, 0.08131677657365799, 0.9999886751174927, 0.9999971389770508)","(0.512482225894928, 0.46363937854766846, -0.08153283596038818, 0.9999887943267822, 0.999995231628418)","(0.5239323377609253, 0.5456832051277161, 0.2808910608291626, 0.6112805008888245, 0.9999700784683228)","(0.5797925591468811, 0.5147698521614075, 0.07575823366641998, 0.8542169332504272, 0.9999150037765503)","(0.579479992389679, 0.6272895932197571, 0.3530237376689911, 0.7438619136810303, 0.9999490976333618)","(0.6083024144172668, 0.6250113248825073, 0.18154491484165192, 0.7849464416503906, 0.9997946619987488)","(0.5847645998001099, 0.6269060373306274, 0.3565404713153839, 0.87518709897995, 0.9998502731323242)","(0.607672929763794, 0.6502430438995361, 0.1908886879682541, 0.8288191556930542, 0.9997653365135193)",8
"(0.4593401551246643, 0.487848162651062, 0.0962689220905304, 0.9999890327453613, 0.9999995231628418)","(0.5095682740211487, 0.4701713025569916, -0.09639384597539902, 0.9999891519546509, 0.9999990463256836)","(0.5297671556472778, 0.5477001070976257, 0.390494704246521, 0.6257859468460083, 0.9999946355819702)","(0.5918211340904236, 0.5103715658187866, 0.013470498844981194, 0.8684391975402832, 0.9999901056289673)","(0.5815037488937378, 0.6292034983634949, 0.5797691345214844, 0.7628538608551025, 0.9999892711639404)","(0.6324049234390259, 0.6237832903862, 0.12417339533567429, 0.8058032989501953, 0.9999765157699585)","(0.5844593048095703, 0.631774365901947, 0.5953946113586426, 0.8823889493942261, 0.9999721050262451)","(0.6262881755828857, 0.6459250450134277, 0.13891150057315826, 0.8448253870010376, 0.9999699592590332)",8
"(0.45750191807746887, 0.49169468879699707, 0.0989891067147255, 0.9999884963035583, 0.9999990463256836)","(0.5082035064697266, 0.4775256812572479, -0.09911664575338364, 0.9999887943267822, 0.9999984502792358)","(0.5247647762298584, 0.542499840259552, 0.3903120756149292, 0.6120169758796692, 0.9999904632568359)","(0.5822027325630188, 0.5101503729820251, 0.0790032371878624, 0.8781592845916748, 0.9999778270721436)","(0.575067937374115, 0.6293275356292725, 0.5722993016242981, 0.762850821018219, 0.9999747276306152)","(0.6314985156059265, 0.6223455667495728, 0.24369709193706512, 0.8200837969779968, 0.9999244213104248)","(0.5779404044151306, 0.6365490555763245, 0.5873791575431824, 0.8761917352676392, 0.9999326467514038)","(0.6300119757652283, 0.640458345413208, 0.2608177959918976, 0.854502260684967, 0.999921441078186)",8
"(0.4508603811264038, 0.49459344148635864, 0.043772146105766296, 0.9999886155128479, 0.9999995231628418)","(0.5023841261863708, 0.4840332567691803, -0.04393509030342102, 0.9999889731407166, 0.9999995231628418)","(0.5225817561149597, 0.5439298748970032, 0.357718825340271, 0.5941060781478882, 0.9999920129776001)","(0.53693026304245, 0.4994112551212311, 0.28165051341056824, 0.813779354095459, 0.9999853372573853)","(0.575362503528595, 0.6278797388076782, 0.5484533309936523, 0.7389639616012573, 0.9999302625656128)","(0.5993080139160156, 0.5655059218406677, 0.5870134234428406, 0.7581349611282349, 0.9999488592147827)","(0.5811673402786255, 0.6417338848114014, 0.568080723285675, 0.8541561365127563, 0.999813973903656)","(0.6078871488571167, 0.5814104676246643, 0.6185680031776428, 0.8012224435806274, 0.999956488609314)",8
"(0.44214102625846863, 0.49445840716362, 0.04979628324508667, 0.999988317489624, 0.9999992847442627)","(0.4964686930179596, 0.48966625332832336, -0.049967486411333084, 0.9999895095825195, 0.9999996423721313)","(0.48934826254844666, 0.5202915072441101, 0.4087101221084595, 0.5526469945907593, 0.9999862909317017)","(0.5265724658966064, 0.5085182785987854, 0.18789677321910858, 0.7923749685287476, 0.9999934434890747)","(0.5462287068367004, 0.5294924974441528, 0.6422777771949768, 0.7026954889297485, 0.9999762773513794)","(0.5719258785247803, 0.6080465316772461, 0.37895625829696655, 0.7520918250083923, 0.9999699592590332)","(0.551202654838562, 0.5479488372802734, 0.664413571357727, 0.8216729164123535, 0.9999473094940186)","(0.5804188251495361, 0.6250550150871277, 0.39911121129989624, 0.7848452925682068, 0.999962568283081)",8
"(0.47441786527633667, 0.5047851800918579, 0.06877074390649796, 0.9999876022338867, 0.999997615814209)","(0.5188762545585632, 0.48710814118385315, -0.06892314553260803, 0.9999883770942688, 0.9999969005584717)","(0.5409467220306396, 0.5642622709274292, 0.2946171760559082, 0.7765134572982788, 0.999969482421875)","(0.5972604155540466, 0.5227527618408203, 0.07310809195041656, 0.9218072295188904, 0.9999593496322632)","(0.5880318880081177, 0.649202823638916, 0.45214512944221497, 0.8623891472816467, 0.9999024868011475)","(0.6103067994117737, 0.5981037020683289, 0.23234929144382477, 0.8771774768829346, 0.9998396635055542)","(0.5936334133148193, 0.6620343327522278, 0.46496278047561646, 0.92293781042099, 0.9997493624687195)","(0.6048247218132019, 0.619199275970459, 0.2494845986366272, 0.8914831876754761, 0.9998180270195007)",9
"(0.4717610776424408, 0.5063828825950623, 0.09652354568243027, 0.9999875426292419, 0.9999995231628418)","(0.5177049040794373, 0.4919278025627136, -0.09662095457315445, 0.9999884963035583, 0.9999994039535522)","(0.5353499054908752, 0.549798309803009, 0.36637362837791443, 0.7578509449958801, 0.999995231628418)","(0.5917791724205017, 0.5209676027297974, -0.053605373948812485, 0.9292401671409607, 0.999995231628418)","(0.5808581113815308, 0.6429383754730225, 0.5380693078041077, 0.8592551350593567, 0.9999861717224121)","(0.6445693373680115, 0.6200769543647766, 0.010802382603287697, 0.8882789611816406, 0.999982476234436)","(0.5860968828201294, 0.6585330367088318, 0.5519575476646423, 0.9187124371528625, 0.9999650716781616)","(0.6437320709228516, 0.6463662385940552, 0.018628345802426338, 0.9007938504219055, 0.9999762773513794)",9
"(0.47142544388771057, 0.5085393190383911, 0.088351309299469, 0.9999864101409912, 0.9999990463256836)","(0.5166109800338745, 0.49638044834136963, -0.08851006627082825, 0.9999874234199524, 0.9999986886978149)","(0.5321702361106873, 0.5478732585906982, 0.37807491421699524, 0.7217101454734802, 0.9999920129776001)","(0.5850684642791748, 0.5147455334663391, 0.13139678537845612, 0.9146472215652466, 0.999985933303833)","(0.5765010714530945, 0.6374349594116211, 0.5803771615028381, 0.8384941816329956, 0.9999699592590332)","(0.6202294230461121, 0.5925138592720032, 0.35260698199272156, 0.8680002689361572, 0.9999521970748901)","(0.581436276435852, 0.6557008624076843, 0.5979188084602356, 0.9009025692939758, 0.999921441078186)","(0.6187351942062378, 0.6209604144096375, 0.37533071637153625, 0.8836216926574707, 0.999954104423523)",9
"(0.4607463777065277, 0.5062009692192078, 0.04952181503176689, 0.9999859929084778, 0.9999992847442627)","(0.5100352764129639, 0.4954250156879425, -0.04963763803243637, 0.9999873042106628, 0.9999992847442627)","(0.5257168412208557, 0.5477567911148071, 0.3411712348461151, 0.6735911965370178, 0.9999922513961792)","(0.5371497273445129, 0.4848118722438812, 0.24856609106063843, 0.8412123322486877, 0.9999895095825195)","(0.5749790668487549, 0.6300418376922607, 0.5706110000610352, 0.7955920696258545, 0.999956488609314)","(0.5744715332984924, 0.540697455406189, 0.5604463219642639, 0.7991534471511841, 0.9999772310256958)","(0.583457887172699, 0.6493039727210999, 0.5929682850837708, 0.8655015826225281, 0.9998887777328491)","(0.5776124000549316, 0.5528949499130249, 0.5928628444671631, 0.8230592012405396, 0.999983549118042)",9
"(0.45464450120925903, 0.5040146112442017, 0.022818531841039658, 0.9999839663505554, 0.9999979734420776)","(0.5071346163749695, 0.49475347995758057, -0.02298787795007229, 0.9999853372573853, 0.999997615814209)","(0.5119891166687012, 0.5379353165626526, 0.31069624423980713, 0.6189815998077393, 0.9999862909317017)","(0.5310695171356201, 0.47915196418762207, 0.3041279911994934, 0.758763313293457, 0.9999771118164062)","(0.5703580379486084, 0.6167590618133545, 0.5309345722198486, 0.7419762015342712, 0.9999433755874634)","(0.5348653793334961, 0.5281933546066284, 0.6141572594642639, 0.7217368483543396, 0.9999573230743408)","(0.5637756586074829, 0.631274938583374, 0.5679174065589905, 0.823858380317688, 0.9998514652252197)","(0.5303371548652649, 0.538972020149231, 0.6466224193572998, 0.7470513582229614, 0.9999697208404541)",9
"(0.46888965368270874, 0.4974234104156494, 0.07481731474399567, 0.9999874234199524, 0.9999964237213135)","(0.5187147855758667, 0.4809614419937134, -0.07504519075155258, 0.9999856948852539, 0.9999911785125732)","(0.5299934148788452, 0.5518908500671387, 0.244603231549263, 0.6526179909706116, 0.999961256980896)","(0.5947180986404419, 0.5106539726257324, 0.031123725697398186, 0.8625631928443909, 0.9998766183853149)","(0.578278124332428, 0.6338176727294922, 0.30123409628868103, 0.7829916477203369, 0.9999489784240723)","(0.5935390591621399, 0.5802924036979675, 0.12508191168308258, 0.8247499465942383, 0.9998338222503662)","(0.5808804035186768, 0.6460578441619873, 0.30377429723739624, 0.9024394750595093, 0.9998557567596436)","(0.5860800743103027, 0.6017021536827087, 0.13006716966629028, 0.8605556488037109, 0.9998125433921814)",10
"(0.4660075604915619, 0.5067338943481445, 0.1065254956483841, 0.9999879598617554, 0.9999996423721313)","(0.5161632895469666, 0.49245402216911316, -0.10673126578330994, 0.9999864101409912, 0.9999992847442627)","(0.5477623343467712, 0.5453990697860718, 0.31112441420555115, 0.6529837846755981, 0.9999933242797852)","(0.5912662148475647, 0.5148264765739441, -0.025628825649619102, 0.8755404353141785, 0.9999861717224121)","(0.5734761357307434, 0.6232640147209167, 0.4013522267341614, 0.7927963733673096, 0.9999867677688599)","(0.6442962884902954, 0.6173099279403687, 0.025649160146713257, 0.8411562442779541, 0.9999456405639648)","(0.5768629312515259, 0.6507306694984436, 0.40762829780578613, 0.9042988419532776, 0.999961256980896)","(0.642209529876709, 0.6439268589019775, 0.03178765997290611, 0.8729594349861145, 0.9999279975891113)",10
"(0.4552898406982422, 0.5084918737411499, 0.04445517063140869, 0.9999868273735046, 0.9999988079071045)","(0.5109872221946716, 0.49987295269966125, -0.04468337818980217, 0.9999860525131226, 0.999998927116394)","(0.5307173132896423, 0.5457548499107361, 0.3172565698623657, 0.608103334903717, 0.9999741315841675)","(0.5378661155700684, 0.49486038088798523, 0.25089454650878906, 0.799377977848053, 0.9999703168869019)","(0.5716472864151001, 0.6223761439323425, 0.49507948756217957, 0.7495979070663452, 0.9999003410339355)","(0.5679405331611633, 0.5604223608970642, 0.4934621751308441, 0.7718743681907654, 0.9999265670776367)","(0.5788233280181885, 0.6407711505889893, 0.5117694735527039, 0.8702718019485474, 0.9997552037239075)","(0.584160566329956, 0.592664897441864, 0.5183441638946533, 0.8084177374839783, 0.9999314546585083)",10
"(0.4501117765903473, 0.5092415809631348, 0.05422091484069824, 0.9999843239784241, 0.9999978542327881)","(0.5054264068603516, 0.503699779510498, -0.05444535240530968, 0.9999842643737793, 0.9999971389770508)","(0.5225093364715576, 0.5416746735572815, 0.3349933922290802, 0.5588817000389099, 0.9999682903289795)","(0.5334715247154236, 0.4980994760990143, 0.20192036032676697, 0.7322678565979004, 0.9999425411224365)","(0.567659854888916, 0.6109617948532104, 0.4891778230667114, 0.703023374080658, 0.9999221563339233)","(0.5684456825256348, 0.5704625844955444, 0.41309279203414917, 0.7108135223388672, 0.9998692274093628)","(0.5719775557518005, 0.6366806626319885, 0.5030268430709839, 0.8371948599815369, 0.9998001456260681)","(0.576808750629425, 0.589410126209259, 0.43485093116760254, 0.7531242370605469, 0.9998785257339478)",10
"(0.44300195574760437, 0.5079625248908997, 0.05548030138015747, 0.9999804496765137, 0.9999970197677612)","(0.49885332584381104, 0.5014209747314453, -0.055630262941122055, 0.9999799728393555, 0.999996542930603)","(0.5195319056510925, 0.5417473316192627, 0.35083502531051636, 0.5380800366401672, 0.9999852180480957)","(0.5311483144760132, 0.47046345472335815, 0.26796019077301025, 0.6846408843994141, 0.9999775886535645)","(0.5675925612449646, 0.6137299537658691, 0.5911361575126648, 0.6890473961830139, 0.9999361038208008)","(0.5649580955505371, 0.5189261436462402, 0.6168983578681946, 0.6651123762130737, 0.9999555349349976)","(0.5729836225509644, 0.6363828182220459, 0.6140297055244446, 0.8214523196220398, 0.9998347759246826)","(0.5712594389915466, 0.5340644717216492, 0.6533252000808716, 0.712983250617981, 0.9999690055847168)",10
"(0.4684694707393646, 0.5041367411613464, 0.08951249718666077, 0.9999746680259705, 0.999998927116394)","(0.5156843066215515, 0.4863724708557129, -0.08966124057769775, 0.9999638199806213, 0.9999982118606567)","(0.5310077667236328, 0.5571509003639221, 0.3889780044555664, 0.5966411828994751, 0.9999897480010986)","(0.5924404859542847, 0.5135098695755005, 0.011620111763477325, 0.8205956220626831, 0.9999817609786987)","(0.5805710554122925, 0.6409012675285339, 0.5834822058677673, 0.7222039103507996, 0.9999808073043823)","(0.6322929263114929, 0.6195242404937744, 0.10434044897556305, 0.7655414342880249, 0.9999582767486572)","(0.5889768004417419, 0.6570126414299011, 0.6000628471374512, 0.8254525661468506, 0.9999531507492065)","(0.6276327967643738, 0.6432362794876099, 0.11453956365585327, 0.7846658229827881, 0.99994957447052)",11
"(0.46780574321746826, 0.5099674463272095, 0.09499266743659973, 0.9999762177467346, 0.9999994039535522)","(0.5147732496261597, 0.4919622838497162, -0.09512586146593094, 0.9999666810035706, 0.9999990463256836)","(0.5268826484680176, 0.544237494468689, 0.41020137071609497, 0.5889532566070557, 0.999995231628418)","(0.5905711054801941, 0.5105132460594177, 0.044670481234788895, 0.8367922306060791, 0.9999909400939941)","(0.5755701065063477, 0.6313934922218323, 0.6097332835197449, 0.7290247678756714, 0.9999856948852539)","(0.6444070935249329, 0.6191019415855408, 0.1918543130159378, 0.785660445690155, 0.999961256980896)","(0.5872607231140137, 0.648377001285553, 0.6270543932914734, 0.828834593296051, 0.9999616146087646)","(0.6419194936752319, 0.6447811722755432, 0.20753002166748047, 0.8021138310432434, 0.999954104423523)",11
"(0.4629550576210022, 0.509423553943634, 0.09073358029127121, 0.9999766945838928, 0.9999992847442627)","(0.5132539868354797, 0.49628347158432007, -0.09089913219213486, 0.9999683499336243, 0.9999990463256836)","(0.527312159538269, 0.5442755818367004, 0.397985577583313, 0.5682712197303772, 0.9999934434890747)","(0.5721983909606934, 0.5113723278045654, 0.13247038424015045, 0.836580753326416, 0.9999873638153076)","(0.5750134587287903, 0.6326786279678345, 0.6058540344238281, 0.7188433408737183, 0.9999715089797974)","(0.6252931356430054, 0.5850309729576111, 0.37532833218574524, 0.7774626016616821, 0.9999582767486572)","(0.585529625415802, 0.6501803398132324, 0.6240261197090149, 0.8170787692070007, 0.999921441078186)","(0.625291645526886, 0.611936628818512, 0.4006003141403198, 0.7968516945838928, 0.9999618530273438)",11
"(0.4550590217113495, 0.5087963938713074, 0.05153829976916313, 0.9999772310256958, 0.9999984502792358)","(0.5077932476997375, 0.5025137662887573, -0.05158266797661781, 0.9999707937240601, 0.9999990463256836)","(0.5104542374610901, 0.5226691961288452, 0.452899694442749, 0.5356857180595398, 0.9999905824661255)","(0.5366500020027161, 0.5333250164985657, 0.22358684241771698, 0.833824634552002, 0.9999959468841553)","(0.5616391897201538, 0.5363865494728088, 0.7684115767478943, 0.7040480971336365, 0.9999898672103882)","(0.5750294923782349, 0.620208740234375, 0.49488088488578796, 0.7877650856971741, 0.9999889135360718)","(0.57106614112854, 0.546035647392273, 0.7987431287765503, 0.8057245016098022, 0.9999798536300659)","(0.5852705836296082, 0.6432403326034546, 0.5234823226928711, 0.8009142279624939, 0.9999892711639404)",11
"(0.44667813181877136, 0.5003151297569275, 0.048419490456581116, 0.9999760985374451, 0.9999972581863403)","(0.501095175743103, 0.5013740658760071, -0.04847634956240654, 0.999972403049469, 0.9999983310699463)","(0.49547210335731506, 0.46841782331466675, 0.48245981335639954, 0.4903624653816223, 0.9999699592590332)","(0.5376444458961487, 0.5327891111373901, 0.22989235818386078, 0.823448121547699, 0.9999865293502808)","(0.5191583037376404, 0.5123094916343689, 0.8294680118560791, 0.6592939496040344, 0.9999717473983765)","(0.5678789019584656, 0.6171852946281433, 0.505099356174469, 0.7868622541427612, 0.9999537467956543)","(0.5190036296844482, 0.522340714931488, 0.8641971349716187, 0.7669385075569153, 0.9999524354934692)","(0.5718881487846375, 0.6394686102867126, 0.5352987051010132, 0.7945524454116821, 0.9999619722366333)",11
"(0.4384361505508423, 0.43594828248023987, 0.11334942281246185, 0.9999919533729553, 0.9999996423721313)","(0.4760417938232422, 0.42836838960647583, -0.11341014504432678, 0.9999920129776001, 0.9999988079071045)","(0.5203360319137573, 0.5114558935165405, 0.2992686331272125, 0.7357988357543945, 0.9999933242797852)","(0.5725570917129517, 0.5011341571807861, -0.09224432706832886, 0.9618399143218994, 0.9999877214431763)","(0.5556827187538147, 0.6314990520477295, 0.38043785095214844, 0.8480786085128784, 0.9999221563339233)","(0.508973240852356, 0.5843289494514465, 0.041994884610176086, 0.950528085231781, 0.9999465942382812)","(0.553451418876648, 0.6548616886138916, 0.38457998633384705, 0.901959240436554, 0.9997888207435608)","(0.4877130687236786, 0.5742551684379578, 0.05801749229431152, 0.9263123273849487, 0.9999369382858276)",12
"(0.4452160596847534, 0.43729862570762634, 0.11742278933525085, 0.9999921917915344, 0.9999997615814209)","(0.4794822335243225, 0.4313223361968994, -0.1174619197845459, 0.9999923706054688, 0.9999995231628418)","(0.5271388292312622, 0.501941442489624, 0.33175262808799744, 0.7379871606826782, 0.9999957084655762)","(0.574364185333252, 0.49205535650253296, -0.02744871750473976, 0.9653877019882202, 0.9999920129776001)","(0.5570048093795776, 0.6297584772109985, 0.4578612446784973, 0.8530269861221313, 0.9999773502349854)","(0.6440292000770569, 0.6001228094100952, 0.05763375386595726, 0.9551160931587219, 0.9999524354934692)","(0.5515108108520508, 0.651176393032074, 0.46591684222221375, 0.9036161303520203, 0.9999247789382935)","(0.6416891813278198, 0.6228771209716797, 0.06563041359186172, 0.9330975413322449, 0.9999402761459351)",12
"(0.44386026263237, 0.4370300769805908, 0.11904481053352356, 0.9999923706054688, 0.9999997615814209)","(0.4781506359577179, 0.4313971996307373, -0.11909220367670059, 0.9999926686286926, 0.9999995231628418)","(0.529274582862854, 0.49850958585739136, 0.31737515330314636, 0.736234188079834, 0.9999955892562866)","(0.5759576559066772, 0.4903782606124878, -0.017514433711767197, 0.9684715270996094, 0.9999924898147583)","(0.5568857789039612, 0.6282703876495361, 0.4433068037033081, 0.8536823987960815, 0.9999738931655884)","(0.6462751626968384, 0.6005463600158691, 0.08352306485176086, 0.9590771794319153, 0.9999513626098633)","(0.5509366989135742, 0.6504241824150085, 0.4513583779335022, 0.90255206823349, 0.9999139308929443)","(0.6447263956069946, 0.6269514560699463, 0.09311151504516602, 0.9390172362327576, 0.9999425411224365)",12
"(0.45108768343925476, 0.43259090185165405, 0.11779536306858063, 0.9999921917915344, 0.9999994039535522)","(0.48627394437789917, 0.42701485753059387, -0.11778407543897629, 0.9999926686286926, 0.9999991655349731)","(0.5384554862976074, 0.5009657740592957, 0.28214168548583984, 0.7381590604782104, 0.9999843835830688)","(0.5765368938446045, 0.486727237701416, -0.004029389005154371, 0.9704684615135193, 0.9999809265136719)","(0.5565494894981384, 0.6254037022590637, 0.400663286447525, 0.8534676432609558, 0.9999408721923828)","(0.666031002998352, 0.5647455453872681, 0.11261536926031113, 0.9620965719223022, 0.9998764991760254)","(0.548934817314148, 0.6485732793807983, 0.4096943140029907, 0.901887834072113, 0.9997938275337219)","(0.6728644371032715, 0.5826736688613892, 0.12386702746152878, 0.9439219236373901, 0.9998782873153687)",12
"(0.4661513864994049, 0.4149502217769623, 0.11009979993104935, 0.9999900460243225, 0.999998927116394)","(0.5053914785385132, 0.4074059724807739, -0.11029666662216187, 0.9999909400939941, 0.9999982118606567)","(0.5435231924057007, 0.4806358814239502, 0.215658038854599, 0.7265818119049072, 0.9999785423278809)","(0.5788476467132568, 0.4542672336101532, 0.011324821971356869, 0.9610724449157715, 0.9999483823776245)","(0.5563729405403137, 0.592907726764679, 0.23238970339298248, 0.856393575668335, 0.9999490976333618)","(0.6592820286750793, 0.5425095558166504, 0.14579463005065918, 0.9556772112846375, 0.9998310804367065)","(0.543899655342102, 0.607252836227417, 0.23065175116062164, 0.9046403765678406, 0.999821126461029)","(0.6547761559486389, 0.5621835589408875, 0.15975166857242584, 0.9400511980056763, 0.9998514652252197)",12
"(0.4659842252731323, 0.4865320324897766, 0.06476162374019623, 0.9999885559082031, 0.9999949932098389)","(0.5153008699417114, 0.467415988445282, -0.06498046964406967, 0.9999872446060181, 0.999992847442627)","(0.5268685817718506, 0.5597682595252991, 0.3052506446838379, 0.6722666621208191, 0.9999557733535767)","(0.571614146232605, 0.5111258625984192, 0.19384674727916718, 0.8705152869224548, 0.9998823404312134)","(0.5810040831565857, 0.6404174566268921, 0.47292202711105347, 0.78488689661026, 0.9998785257339478)","(0.5871219038963318, 0.5670443177223206, 0.4278281033039093, 0.7964544296264648, 0.9997207522392273)","(0.5860586762428284, 0.6560637950897217, 0.4865206182003021, 0.882637619972229, 0.9996651411056519)","(0.5823616981506348, 0.5579603314399719, 0.45052292943000793, 0.835334837436676, 0.9997345805168152)",13
"(0.46437525749206543, 0.4949716329574585, 0.1021803617477417, 0.9999892115592957, 0.9999997615814209)","(0.5134570598602295, 0.4764246642589569, -0.10229633748531342, 0.9999880790710449, 0.9999995231628418)","(0.5326087474822998, 0.5538808107376099, 0.4118916988372803, 0.6688542366027832, 0.9999954700469971)","(0.5878927707672119, 0.5079922676086426, -0.03934691101312637, 0.8831863403320312, 0.9999932050704956)","(0.5814549326896667, 0.6355974674224854, 0.6142957806587219, 0.794136643409729, 0.9999898672103882)","(0.6356229782104492, 0.616001546382904, 0.014979032799601555, 0.8161447048187256, 0.9999806880950928)","(0.5841555595397949, 0.6522330641746521, 0.6317105889320374, 0.8867866396903992, 0.999974250793457)","(0.6307693719863892, 0.6403848528862, 0.02151241898536682, 0.8506157994270325, 0.9999730587005615)",13
"(0.46404919028282166, 0.49801865220069885, 0.09907779097557068, 0.9999894499778748, 0.9999996423721313)","(0.5129994750022888, 0.4823604226112366, -0.09919465333223343, 0.9999886155128479, 0.9999995231628418)","(0.5259424448013306, 0.5401039719581604, 0.38890010118484497, 0.662716805934906, 0.9999932050704956)","(0.5798906683921814, 0.5087514519691467, -0.0004844951326958835, 0.893878698348999, 0.9999899864196777)","(0.5751794576644897, 0.6333134174346924, 0.561164379119873, 0.7967532277107239, 0.9999827146530151)","(0.6304892301559448, 0.6182999014854431, 0.08466190099716187, 0.8323674201965332, 0.9999691247940063)","(0.580268144607544, 0.650358259677887, 0.5756049752235413, 0.8835716247558594, 0.9999567270278931)","(0.6298379898071289, 0.6417938470840454, 0.09416798502206802, 0.8621776103973389, 0.9999618530273438)",13
"(0.4521665871143341, 0.4968704879283905, 0.05555882677435875, 0.9999887347221375, 0.9999992847442627)","(0.5034012794494629, 0.48485687375068665, -0.05571063980460167, 0.9999881386756897, 0.9999992847442627)","(0.5246651768684387, 0.5401695370674133, 0.3194717764854431, 0.6382334232330322, 0.9999868869781494)","(0.5468364357948303, 0.5057298541069031, 0.21382348239421844, 0.8471535444259644, 0.9999783039093018)","(0.5758495926856995, 0.6321426630020142, 0.5044677257537842, 0.7653244137763977, 0.999900221824646)","(0.6293773651123047, 0.5729986429214478, 0.4691500961780548, 0.7783883213996887, 0.9999138116836548)","(0.5843146443367004, 0.648841917514801, 0.5232983231544495, 0.8573302030563354, 0.9997441172599792)","(0.6070325970649719, 0.592519223690033, 0.49581149220466614, 0.8202470541000366, 0.999922513961792)",13
"(0.4952079653739929, 0.49154239892959595, -0.04848521575331688, 0.9999892115592957, 0.9999998807907104)","(0.4432107210159302, 0.495292603969574, 0.04842369258403778, 0.9999894499778748, 0.9999998807907104)","(0.5287989377975464, 0.5372298955917358, 0.23723427951335907, 0.8483217358589172, 0.9999992847442627)","(0.5065439343452454, 0.5009359121322632, 0.45223546028137207, 0.6030232310295105, 0.9999982118606567)","(0.5744458436965942, 0.6120650172233582, 0.5375022888183594, 0.7886615991592407, 0.9999966621398926)","(0.5609385967254639, 0.5247992277145386, 0.8019848465919495, 0.742805004119873, 0.9999973773956299)","(0.5815821886062622, 0.6350324153900146, 0.5693288445472717, 0.8212794065475464, 0.9999967813491821)","(0.5681401491165161, 0.5326088070869446, 0.8361384868621826, 0.8376348614692688, 0.9999946355819702)",13
"(0.4492698311805725, 0.4461718201637268, 0.10241423547267914, 0.9999897480010986, 0.9999988079071045)","(0.48066797852516174, 0.43833550810813904, -0.10253765434026718, 0.9999876022338867, 0.9999940395355225)","(0.5376854538917542, 0.5232630968093872, 0.1935742199420929, 0.7945754528045654, 0.999981164932251)","(0.5831639766693115, 0.4886281192302704, -0.10639004409313202, 0.9662196636199951, 0.9999377727508545)","(0.5585795640945435, 0.6372993588447571, 0.224623441696167, 0.8796368837356567, 0.9998630285263062)","(0.5574435591697693, 0.604263424873352, 0.020958073437213898, 0.9510295391082764, 0.9997144341468811)","(0.5480186939239502, 0.6606997847557068, 0.22460874915122986, 0.9179261922836304, 0.9996139407157898)","(0.5444425940513611, 0.6265624165534973, 0.03555435314774513, 0.9209408164024353, 0.9997343420982361)",14
"(0.45093482732772827, 0.4464082717895508, 0.11375554651021957, 0.9999904632568359, 0.9999998807907104)","(0.4843493103981018, 0.440890908241272, -0.11380230635404587, 0.9999886155128479, 0.9999997615814209)","(0.5339208841323853, 0.5149712562561035, 0.34386521577835083, 0.8040722608566284, 0.9999973773956299)","(0.581757128238678, 0.4904017746448517, -0.05445374175906181, 0.9695349931716919, 0.9999970197677612)","(0.556374192237854, 0.63397216796875, 0.49040260910987854, 0.8868081569671631, 0.9999788999557495)","(0.6328414678573608, 0.6114600300788879, 0.017419006675481796, 0.955795407295227, 0.9999656677246094)","(0.5514070987701416, 0.6534512639045715, 0.5013613700866699, 0.9222062230110168, 0.9999299049377441)","(0.628180742263794, 0.636206328868866, 0.025011176243424416, 0.9285610318183899, 0.9999479055404663)",14
"(0.45941218733787537, 0.4433830678462982, 0.10875090211629868, 0.9999903440475464, 0.9999990463256836)","(0.4940931797027588, 0.4364904761314392, -0.10890261083841324, 0.9999887943267822, 0.9999982118606567)","(0.5392143726348877, 0.5128074288368225, 0.23616492748260498, 0.8170714974403381, 0.999981164932251)","(0.580786943435669, 0.49007633328437805, -0.01765802875161171, 0.9721988439559937, 0.9999701976776123)","(0.559423565864563, 0.6329986453056335, 0.2948140501976013, 0.8939265608787537, 0.9999046325683594)","(0.6594864726066589, 0.5747183561325073, 0.039648812264204025, 0.9598439931869507, 0.9997881054878235)","(0.5513219237327576, 0.6535454392433167, 0.29663145542144775, 0.926547110080719, 0.999631404876709)","(0.6621802449226379, 0.5987955927848816, 0.04449182376265526, 0.9351254105567932, 0.9997431635856628)",14
"(0.4646998345851898, 0.4336738586425781, 0.10393361747264862, 0.9999902248382568, 0.9999991655349731)","(0.4972521960735321, 0.4242347478866577, -0.10422701388597488, 0.9999889731407166, 0.9999985694885254)","(0.5435928702354431, 0.49916723370552063, 0.17655479907989502, 0.8285024762153625, 0.9999690055847168)","(0.5824187397956848, 0.4803363084793091, -0.008220917545258999, 0.9741455316543579, 0.9999394416809082)","(0.5585656762123108, 0.6175546050071716, 0.19697538018226624, 0.8998357653617859, 0.99986732006073)","(0.6612034440040588, 0.5460624694824219, 0.054628677666187286, 0.9631518721580505, 0.9996052384376526)","(0.5502055287361145, 0.6384592056274414, 0.1964554339647293, 0.9297192096710205, 0.9994482398033142)","(0.6648567914962769, 0.5660136938095093, 0.061124518513679504, 0.9406098127365112, 0.9995669722557068)",14
"(0.4739120602607727, 0.426442414522171, 0.10002776980400085, 0.9999895691871643, 0.9999992847442627)","(0.5071689486503601, 0.4193897545337677, -0.10029072314500809, 0.9999887347221375, 0.9999986886978149)","(0.5511294603347778, 0.4943080246448517, 0.19065704941749573, 0.8277087807655334, 0.9999810457229614)","(0.583446204662323, 0.4629042148590088, 0.044179219752550125, 0.9685364961624146, 0.9999511241912842)","(0.5580821633338928, 0.6014822125434875, 0.2566399872303009, 0.9039149880409241, 0.9999306201934814)","(0.6384544372558594, 0.5432711839675903, 0.20993465185165405, 0.9611547589302063, 0.9997907280921936)","(0.545992910861969, 0.6159069538116455, 0.2605554759502411, 0.9318232536315918, 0.9997463822364807)","(0.6354948282241821, 0.5615108013153076, 0.22679129242897034, 0.9400324821472168, 0.9998204112052917)",14
